{
    "593620 Linked Horizon - Shinzou o Sasageyo! [TV Size]": {
        "difficulties": {
            "Titan": 86813
        }
    },
    "859608 LiSA - ADAMAS (TV Size)": {
        "difficulties": {
            "Kibbleru's Blue Rose": 899
        }
    },
    "940746 CHiCO with HoneyWorks - Kimi ga Sora Koso Kanashikere": {
        "difficulties": {
            "Taeyang's Extra": 72321
        }
    },
    "1131265 TUYU - Kuraberarekko": {
        "difficulties": {
            "Inferior": 110373
        }
    },
    "747066 R3 Music Box - Road of Resistance (GoldenWolf Metal Mix)": {
        "difficulties": {
            "Short-Lived Rebellion": 15498
        }
    },
    "575777 Thaehan - Doki-Doki": {
        "difficulties": {
            "Adrenaline Rush": 277061
        }
    },
    "1341551 Memme - Plasma Gun": {
        "difficulties": {
            "Extra": 74931,
            "Yukiyo's Extra": 13138,
            "Extreme": 8461
        }
    }
}